{
  "properties": {
    "connectionReferences": {
      "shared_commondataserviceforapps": {
        "runtimeSource": "embedded",
        "connection": {
          "connectionReferenceLogicalName": "lgrr_sharedcommondataserviceforapps_31bb7"
        },
        "api": {
          "name": "shared_commondataserviceforapps"
        }
      }
    },
    "definition": {
      "$schema": "https://schema.management.azure.com/providers/Microsoft.Logic/schemas/2016-06-01/workflowdefinition.json#",
      "contentVersion": "1.0.0.0",
      "parameters": {
        "$connections": {
          "defaultValue": {},
          "type": "Object"
        },
        "$authentication": {
          "defaultValue": {},
          "type": "SecureObject"
        }
      },
      "triggers": {
        "When_a_row_is_added,_modified_or_deleted": {
          "metadata": {
            "operationMetadataId": "f233beee-e756-4bb6-bec3-be5d5469c4e0"
          },
          "type": "OpenApiConnectionWebhook",
          "inputs": {
            "host": {
              "connectionName": "shared_commondataserviceforapps",
              "operationId": "SubscribeWebhookTrigger",
              "apiId": "/providers/Microsoft.PowerApps/apis/shared_commondataserviceforapps"
            },
            "parameters": {
              "subscriptionRequest/message": 3,
              "subscriptionRequest/entityname": "incident",
              "subscriptionRequest/scope": 4,
              "subscriptionRequest/filteringattributes": "lgrr_escalate"
            },
            "authentication": "@parameters('$authentication')"
          },
          "conditions": [
            {
              "expression": "@equals(triggerOutputs()?['body/lgrr_escalate'],true)"
            }
          ]
        }
      },
      "actions": {
        "Add_a_new_row": {
          "runAfter": {},
          "metadata": {
            "operationMetadataId": "1616bda6-c07c-4971-86c0-068801430f88"
          },
          "type": "OpenApiConnection",
          "inputs": {
            "host": {
              "connectionName": "shared_commondataserviceforapps",
              "operationId": "CreateRecord",
              "apiId": "/providers/Microsoft.PowerApps/apis/shared_commondataserviceforapps"
            },
            "parameters": {
              "entityName": "lgrr_followups",
              "item/lgrr_Case@odata.bind": "/incidents(@{triggerOutputs()?['body/incidentid']})",
              "item/lgrr_Contact@odata.bind": "/contacts(@{triggerOutputs()?['body/_customerid_value']})"
            },
            "authentication": "@parameters('$authentication')"
          }
        },
        "List_rows": {
          "runAfter": {
            "Initialize_variable": [
              "Succeeded"
            ]
          },
          "metadata": {
            "operationMetadataId": "f3ad69d4-bb92-423a-b62d-84acf1357925"
          },
          "type": "OpenApiConnection",
          "inputs": {
            "host": {
              "connectionName": "shared_commondataserviceforapps",
              "operationId": "ListRecords",
              "apiId": "/providers/Microsoft.PowerApps/apis/shared_commondataserviceforapps"
            },
            "parameters": {
              "entityName": "teams",
              "fetchXml": "<fetch>\n  <entity name=\"team\">\n    <attribute name=\"name\" />\n    <attribute name=\"teamid\" />\n    <filter type=\"and\">\n      <condition attribute=\"teamtype\" operator=\"ne\" value=\"1\" />\n      <condition attribute=\"name\" operator=\"eq\" value=\"Escalation Team\" />\n    </filter>\n  </entity>\n</fetch>"
            },
            "authentication": "@parameters('$authentication')"
          }
        },
        "Apply_to_each": {
          "foreach": "@outputs('List_rows')?['body/value']",
          "actions": {
            "Compose": {
              "runAfter": {},
              "metadata": {
                "operationMetadataId": "ceb77a13-3e17-46fb-ab4d-b1e0fbcfad2d"
              },
              "type": "Compose",
              "inputs": "@items('Apply_to_each')?['teamid']"
            },
            "Set_variable": {
              "runAfter": {
                "Compose": [
                  "Succeeded"
                ]
              },
              "metadata": {
                "operationMetadataId": "f680499e-92e5-498d-9d92-2f63cafdba41"
              },
              "type": "SetVariable",
              "inputs": {
                "name": "Guid",
                "value": "@{outputs('Compose')}"
              }
            }
          },
          "runAfter": {
            "List_rows": [
              "Succeeded"
            ]
          },
          "metadata": {
            "operationMetadataId": "3a436a6e-607e-41c1-917e-1b5b8aef4fca"
          },
          "type": "Foreach"
        },
        "Update_a_row": {
          "runAfter": {
            "Apply_to_each": [
              "Succeeded"
            ]
          },
          "metadata": {
            "operationMetadataId": "641cb0ff-5430-43de-aec3-50926392427e"
          },
          "type": "OpenApiConnection",
          "inputs": {
            "host": {
              "connectionName": "shared_commondataserviceforapps",
              "operationId": "UpdateRecord",
              "apiId": "/providers/Microsoft.PowerApps/apis/shared_commondataserviceforapps"
            },
            "parameters": {
              "entityName": "lgrr_followups",
              "recordId": "@outputs('Add_a_new_row')?['body/lgrr_followupid']",
              "item/ownerid@odata.bind": "/teams(@{variables('Guid')})"
            },
            "authentication": "@parameters('$authentication')"
          }
        },
        "Initialize_variable": {
          "runAfter": {
            "Add_a_new_row": [
              "Succeeded"
            ]
          },
          "metadata": {
            "operationMetadataId": "fcbf3faf-84a6-47eb-b97e-9aa3346addd2"
          },
          "type": "InitializeVariable",
          "inputs": {
            "variables": [
              {
                "name": "Guid",
                "type": "string"
              }
            ]
          }
        }
      }
    },
    "templateName": ""
  },
  "schemaVersion": "1.0.0.0"
}