{
  "properties": {
    "connectionReferences": {
      "shared_commondataserviceforapps": {
        "runtimeSource": "embedded",
        "connection": {
          "connectionReferenceLogicalName": "lgrr_sharedcommondataserviceforapps_31bb7"
        },
        "api": {
          "name": "shared_commondataserviceforapps"
        }
      }
    },
    "definition": {
      "$schema": "https://schema.management.azure.com/providers/Microsoft.Logic/schemas/2016-06-01/workflowdefinition.json#",
      "contentVersion": "1.0.0.0",
      "parameters": {
        "$connections": {
          "defaultValue": {},
          "type": "Object"
        },
        "$authentication": {
          "defaultValue": {},
          "type": "SecureObject"
        }
      },
      "triggers": {
        "When_a_row_is_added,_modified_or_deleted": {
          "metadata": {
            "operationMetadataId": "76988e77-e812-4983-bbc4-73130ee664b2"
          },
          "type": "OpenApiConnectionWebhook",
          "inputs": {
            "host": {
              "connectionName": "shared_commondataserviceforapps",
              "operationId": "SubscribeWebhookTrigger",
              "apiId": "/providers/Microsoft.PowerApps/apis/shared_commondataserviceforapps"
            },
            "parameters": {
              "subscriptionRequest/message": 3,
              "subscriptionRequest/entityname": "lgrr_followup",
              "subscriptionRequest/scope": 4,
              "subscriptionRequest/filteringattributes": "ownerid"
            },
            "authentication": "@parameters('$authentication')"
          }
        }
      },
      "actions": {
        "Condition": {
          "actions": {
            "Outlook_send_an_email_action_to_notify_followup_activity_to_Teams_email_address": {
              "runAfter": {},
              "metadata": {
                "operationMetadataId": "409f63a2-da35-42eb-95ec-b95676eb8dfa"
              },
              "type": "Compose",
              "inputs": "@triggerOutputs()?['body/lgrr_followupid']"
            }
          },
          "runAfter": {},
          "expression": {
            "not": {
              "equals": [
                "@triggerOutputs()?['body/_owningteam_value']",
                "@null"
              ]
            }
          },
          "metadata": {
            "operationMetadataId": "5d8a7246-a729-487b-acdd-e0382edbe4e6"
          },
          "type": "If"
        }
      }
    },
    "templateName": null
  },
  "schemaVersion": "1.0.0.0"
}