<ImportExportXml version="9.2.23084.182" SolutionPackageVersion="9.2" languagecode="1033" generatedBy="CrmLive" xmlns:xsi="http://www.w3.org/2001/XMLSchema-instance">
  <SolutionManifest>
    <UniqueName>TFLDevSprint</UniqueName>
    <LocalizedNames>
      <LocalizedName description="TFL Dev Sprint" languagecode="1033" />
    </LocalizedNames>
    <Descriptions />
    <Version>1.0.0.0</Version>
    <Managed>0</Managed>
    <Publisher>
      <UniqueName>LGRR</UniqueName>
      <LocalizedNames>
        <LocalizedName description="LGRR" languagecode="1033" />
      </LocalizedNames>
      <Descriptions />
      <EMailAddress xsi:nil="true"></EMailAddress>
      <SupportingWebsiteUrl xsi:nil="true"></SupportingWebsiteUrl>
      <CustomizationPrefix>lgrr</CustomizationPrefix>
      <CustomizationOptionValuePrefix>94971</CustomizationOptionValuePrefix>
      <Addresses>
        <Address>
          <AddressNumber>1</AddressNumber>
          <AddressTypeCode>1</AddressTypeCode>
          <City xsi:nil="true"></City>
          <County xsi:nil="true"></County>
          <Country xsi:nil="true"></Country>
          <Fax xsi:nil="true"></Fax>
          <FreightTermsCode xsi:nil="true"></FreightTermsCode>
          <ImportSequenceNumber xsi:nil="true"></ImportSequenceNumber>
          <Latitude xsi:nil="true"></Latitude>
          <Line1 xsi:nil="true"></Line1>
          <Line2 xsi:nil="true"></Line2>
          <Line3 xsi:nil="true"></Line3>
          <Longitude xsi:nil="true"></Longitude>
          <Name xsi:nil="true"></Name>
          <PostalCode xsi:nil="true"></PostalCode>
          <PostOfficeBox xsi:nil="true"></PostOfficeBox>
          <PrimaryContactName xsi:nil="true"></PrimaryContactName>
          <ShippingMethodCode>1</ShippingMethodCode>
          <StateOrProvince xsi:nil="true"></StateOrProvince>
          <Telephone1 xsi:nil="true"></Telephone1>
          <Telephone2 xsi:nil="true"></Telephone2>
          <Telephone3 xsi:nil="true"></Telephone3>
          <TimeZoneRuleVersionNumber xsi:nil="true"></TimeZoneRuleVersionNumber>
          <UPSZone xsi:nil="true"></UPSZone>
          <UTCOffset xsi:nil="true"></UTCOffset>
          <UTCConversionTimeZoneCode xsi:nil="true"></UTCConversionTimeZoneCode>
        </Address>
        <Address>
          <AddressNumber>2</AddressNumber>
          <AddressTypeCode>1</AddressTypeCode>
          <City xsi:nil="true"></City>
          <County xsi:nil="true"></County>
          <Country xsi:nil="true"></Country>
          <Fax xsi:nil="true"></Fax>
          <FreightTermsCode xsi:nil="true"></FreightTermsCode>
          <ImportSequenceNumber xsi:nil="true"></ImportSequenceNumber>
          <Latitude xsi:nil="true"></Latitude>
          <Line1 xsi:nil="true"></Line1>
          <Line2 xsi:nil="true"></Line2>
          <Line3 xsi:nil="true"></Line3>
          <Longitude xsi:nil="true"></Longitude>
          <Name xsi:nil="true"></Name>
          <PostalCode xsi:nil="true"></PostalCode>
          <PostOfficeBox xsi:nil="true"></PostOfficeBox>
          <PrimaryContactName xsi:nil="true"></PrimaryContactName>
          <ShippingMethodCode>1</ShippingMethodCode>
          <StateOrProvince xsi:nil="true"></StateOrProvince>
          <Telephone1 xsi:nil="true"></Telephone1>
          <Telephone2 xsi:nil="true"></Telephone2>
          <Telephone3 xsi:nil="true"></Telephone3>
          <TimeZoneRuleVersionNumber xsi:nil="true"></TimeZoneRuleVersionNumber>
          <UPSZone xsi:nil="true"></UPSZone>
          <UTCOffset xsi:nil="true"></UTCOffset>
          <UTCConversionTimeZoneCode xsi:nil="true"></UTCConversionTimeZoneCode>
        </Address>
      </Addresses>
    </Publisher>
    <RootComponents>
      <RootComponent type="1" schemaName="contact" behavior="1" />
      <RootComponent type="1" schemaName="incident" behavior="2" />
      <RootComponent type="1" schemaName="lgrr_followup" behavior="0" />
      <RootComponent type="9" schemaName="lgrr_contactcentreclassify" behavior="0" />
      <RootComponent type="20" id="{1019ba62-9655-ee11-be6f-6045bd0cfb83}" behavior="0" />
      <RootComponent type="20" id="{d8317c55-9555-ee11-be6f-6045bd0cfb83}" behavior="0" />
      <RootComponent type="20" id="{f36905f0-9555-ee11-be6f-6045bd0cfb83}" behavior="0" />
      <RootComponent type="20" id="{f7586390-9455-ee11-be6f-6045bd0cfb83}" behavior="0" />
      <RootComponent type="29" id="{4cb8977a-b555-ee11-be6f-6045bd0cfb83}" behavior="0" />
      <RootComponent type="29" id="{7df2f3f1-0256-ee11-be6f-6045bd0cfb83}" behavior="0" />
      <RootComponent type="29" id="{a14d1736-bc55-ee11-be6f-6045bd0cfb83}" behavior="0" />
      <RootComponent type="61" schemaName="lgrr_Case.js" behavior="0" />
      <RootComponent type="61" schemaName="lgrr_Common.js" behavior="0" />
      <RootComponent type="70" id="{37737f56-9d55-ee11-be6f-6045bd0cfb83}" behavior="0" />
      <RootComponent type="70" id="{cb537e73-9d55-ee11-be6f-6045bd0cfb83}" behavior="0" />
    </RootComponents>
    <MissingDependencies>
      <MissingDependency>
        <Required type="1" schemaName="incident" displayName="Case" solution="msdynce_Service (9.0.5.56)" />
        <Dependent type="1" schemaName="incident" displayName="Case" />
      </MissingDependency>
      <MissingDependency>
        <Required type="1" schemaName="incident" displayName="Case" solution="msdynce_Service (9.0.5.56)" />
        <Dependent type="10" schemaName="lgrr_lgrr_followup_Case_incident" displayName="lgrr_lgrr_followup_Case_incident" parentSchemaName="incident" parentDisplayName="Case" />
      </MissingDependency>
      <MissingDependency>
        <Required type="1" schemaName="incident" displayName="Case" solution="msdynce_Service (9.0.5.56)" />
        <Dependent type="2" schemaName="lgrr_classification" displayName="Classification" parentSchemaName="incident" parentDisplayName="Case" />
      </MissingDependency>
      <MissingDependency>
        <Required type="1" schemaName="incident" displayName="Case" solution="msdynce_Service (9.0.5.56)" />
        <Dependent type="2" schemaName="lgrr_confidential" displayName="Confidential" parentSchemaName="incident" parentDisplayName="Case" />
      </MissingDependency>
      <MissingDependency>
        <Required type="1" schemaName="incident" displayName="Case" solution="msdynce_Service (9.0.5.56)" />
        <Dependent type="2" schemaName="lgrr_escalate" displayName="Escalate" parentSchemaName="incident" parentDisplayName="Case" />
      </MissingDependency>
      <MissingDependency>
        <Required type="1" schemaName="incident" displayName="Case" solution="msdynce_Service (9.0.5.56)" />
        <Dependent type="29" displayName="On Escalate" id="{4cb8977a-b555-ee11-be6f-6045bd0cfb83}" />
      </MissingDependency>
      <MissingDependency>
        <Required type="1" schemaName="incident" displayName="Case" solution="msdynce_Service (9.0.5.56)" />
        <Dependent type="29" displayName="Confidential Cases" id="{a14d1736-bc55-ee11-be6f-6045bd0cfb83}" />
      </MissingDependency>
      <MissingDependency>
        <Required type="1" schemaName="knowledgearticleincident" displayName="Knowledge Article Incident" solution="msdynce_Service (9.0.5.56)" />
        <Dependent type="60" displayName="Case for Interactive experience" parentDisplayName="Case" id="{915f6055-2e07-4276-ae08-2b96c8d02c57}" />
      </MissingDependency>
      <MissingDependency>
        <Required type="1" schemaName="msdyn_customerasset" displayName="Customer Asset" solution="msdyn_AssetCommon (1.0.26.9)" />
        <Dependent type="60" displayName="Case for Interactive experience" parentDisplayName="Case" id="{915f6055-2e07-4276-ae08-2b96c8d02c57}" />
      </MissingDependency>
      <MissingDependency>
        <Required type="1" schemaName="msdyn_swarm" displayName="Swarm" solution="msdyn_Swarming (9.0.23081.1010)" />
        <Dependent type="60" displayName="Case for Interactive experience" parentDisplayName="Case" id="{915f6055-2e07-4276-ae08-2b96c8d02c57}" />
      </MissingDependency>
      <MissingDependency>
        <Required type="10" schemaName="msdyn_incident_msdyn_customerasset" displayName="msdyn_incident_msdyn_customerasset" parentSchemaName="incident" parentDisplayName="Case" solution="msdyn_ConnectedCustomerService (9.0.20115.1027)" />
        <Dependent type="60" displayName="Case for Interactive experience" parentDisplayName="Case" id="{915f6055-2e07-4276-ae08-2b96c8d02c57}" />
      </MissingDependency>
      <MissingDependency>
        <Required type="10" schemaName="msdyn_swarm_incident" displayName="msdyn_swarm_incident" parentSchemaName="incident" parentDisplayName="Case" solution="msdyn_SwarmingForCS (9.0.23081.1010)" />
        <Dependent type="60" displayName="Case for Interactive experience" parentDisplayName="Case" id="{915f6055-2e07-4276-ae08-2b96c8d02c57}" />
      </MissingDependency>
      <MissingDependency>
        <Required type="10" schemaName="msdyn_msdyn_iotalert_incident_IoTAlert" displayName="msdyn_msdyn_iotalert_incident_IoTAlert" parentSchemaName="msdyn_iotalert" parentDisplayName="IoT Alert" solution="msdyn_ConnectedCustomerService (9.0.20115.1027)" />
        <Dependent type="60" displayName="Case for Interactive experience" parentDisplayName="Case" id="{915f6055-2e07-4276-ae08-2b96c8d02c57}" />
      </MissingDependency>
      <MissingDependency>
        <Required type="2" schemaName="blockedprofile" displayName="Blocked Profile" parentSchemaName="incident" parentDisplayName="Case" solution="msdynce_Service (9.0.5.56)" />
        <Dependent type="60" displayName="Case for Interactive experience" parentDisplayName="Case" id="{915f6055-2e07-4276-ae08-2b96c8d02c57}" />
      </MissingDependency>
      <MissingDependency>
        <Required type="2" schemaName="caseorigincode" displayName="Origin" parentSchemaName="incident" parentDisplayName="Case" solution="msdynce_Service (9.0.5.56)" />
        <Dependent type="60" displayName="Case for Interactive experience" parentDisplayName="Case" id="{915f6055-2e07-4276-ae08-2b96c8d02c57}" />
      </MissingDependency>
      <MissingDependency>
        <Required type="2" schemaName="casetypecode" displayName="Case Type" parentSchemaName="incident" parentDisplayName="Case" solution="msdynce_Service (9.0.5.56)" />
        <Dependent type="60" displayName="Case for Interactive experience" parentDisplayName="Case" id="{915f6055-2e07-4276-ae08-2b96c8d02c57}" />
      </MissingDependency>
      <MissingDependency>
        <Required type="2" schemaName="createdon" displayName="Created On" parentSchemaName="incident" parentDisplayName="Case" solution="msdynce_Service (9.0.5.56)" />
        <Dependent type="60" displayName="Case for Interactive experience" parentDisplayName="Case" id="{915f6055-2e07-4276-ae08-2b96c8d02c57}" />
      </MissingDependency>
      <MissingDependency>
        <Required type="2" schemaName="customerid" displayName="Customer" parentSchemaName="incident" parentDisplayName="Case" solution="msdynce_Service (9.0.5.56)" />
        <Dependent type="60" displayName="Case for Interactive experience" parentDisplayName="Case" id="{915f6055-2e07-4276-ae08-2b96c8d02c57}" />
      </MissingDependency>
      <MissingDependency>
        <Required type="2" schemaName="description" displayName="Description" parentSchemaName="incident" parentDisplayName="Case" solution="msdynce_Service (9.0.5.56)" />
        <Dependent type="60" displayName="Case for Interactive experience" parentDisplayName="Case" id="{915f6055-2e07-4276-ae08-2b96c8d02c57}" />
      </MissingDependency>
      <MissingDependency>
        <Required type="2" schemaName="entitlementid" displayName="Entitlement" parentSchemaName="incident" parentDisplayName="Case" solution="msdynce_Service (9.0.5.56)" />
        <Dependent type="60" displayName="Case for Interactive experience" parentDisplayName="Case" id="{915f6055-2e07-4276-ae08-2b96c8d02c57}" />
      </MissingDependency>
      <MissingDependency>
        <Required type="2" schemaName="escalatedon" displayName="Escalated On" parentSchemaName="incident" parentDisplayName="Case" solution="msdynce_Service (9.0.5.56)" />
        <Dependent type="60" displayName="Case for Interactive experience" parentDisplayName="Case" id="{915f6055-2e07-4276-ae08-2b96c8d02c57}" />
      </MissingDependency>
      <MissingDependency>
        <Required type="2" schemaName="firstresponsebykpiid" displayName="First Response By KPI" parentSchemaName="incident" parentDisplayName="Case" solution="msdynce_Service (9.0.5.56)" />
        <Dependent type="60" displayName="Case for Interactive experience" parentDisplayName="Case" id="{915f6055-2e07-4276-ae08-2b96c8d02c57}" />
      </MissingDependency>
      <MissingDependency>
        <Required type="2" schemaName="firstresponsesent" displayName="First Response Sent" parentSchemaName="incident" parentDisplayName="Case" solution="msdynce_Service (9.0.5.56)" />
        <Dependent type="60" displayName="Case for Interactive experience" parentDisplayName="Case" id="{915f6055-2e07-4276-ae08-2b96c8d02c57}" />
      </MissingDependency>
      <MissingDependency>
        <Required type="2" schemaName="followupby" displayName="Follow Up By" parentSchemaName="incident" parentDisplayName="Case" solution="msdynce_Service (9.0.5.56)" />
        <Dependent type="60" displayName="Case for Interactive experience" parentDisplayName="Case" id="{915f6055-2e07-4276-ae08-2b96c8d02c57}" />
      </MissingDependency>
      <MissingDependency>
        <Required type="2" schemaName="incidentid" displayName="Case" parentSchemaName="incident" parentDisplayName="Case" solution="msdynce_Service (9.0.5.56)" />
        <Dependent type="10" schemaName="lgrr_lgrr_followup_Case_incident" displayName="lgrr_lgrr_followup_Case_incident" parentSchemaName="incident" parentDisplayName="Case" />
      </MissingDependency>
      <MissingDependency>
        <Required type="2" schemaName="incidentid" displayName="Case" parentSchemaName="incident" parentDisplayName="Case" solution="msdynce_Service (9.0.5.56)" />
        <Dependent type="60" displayName="Case for Interactive experience" parentDisplayName="Case" id="{915f6055-2e07-4276-ae08-2b96c8d02c57}" />
      </MissingDependency>
      <MissingDependency>
        <Required type="2" schemaName="influencescore" displayName="Influence Score" parentSchemaName="incident" parentDisplayName="Case" solution="msdynce_Service (9.0.5.56)" />
        <Dependent type="60" displayName="Case for Interactive experience" parentDisplayName="Case" id="{915f6055-2e07-4276-ae08-2b96c8d02c57}" />
      </MissingDependency>
      <MissingDependency>
        <Required type="2" schemaName="isescalated" displayName="Is Escalated" parentSchemaName="incident" parentDisplayName="Case" solution="msdynce_Service (9.0.5.56)" />
        <Dependent type="60" displayName="Case for Interactive experience" parentDisplayName="Case" id="{915f6055-2e07-4276-ae08-2b96c8d02c57}" />
      </MissingDependency>
      <MissingDependency>
        <Required type="2" schemaName="messagetypecode" displayName="Received As" parentSchemaName="incident" parentDisplayName="Case" solution="msdynce_Service (9.0.5.56)" />
        <Dependent type="60" displayName="Case for Interactive experience" parentDisplayName="Case" id="{915f6055-2e07-4276-ae08-2b96c8d02c57}" />
      </MissingDependency>
      <MissingDependency>
        <Required type="2" schemaName="msdyn_iotalert" displayName="IoT Alert" parentSchemaName="incident" parentDisplayName="Case" solution="msdyn_ConnectedCustomerService (9.0.20115.1027)" />
        <Dependent type="60" displayName="Case for Interactive experience" parentDisplayName="Case" id="{915f6055-2e07-4276-ae08-2b96c8d02c57}" />
      </MissingDependency>
      <MissingDependency>
        <Required type="2" schemaName="ownerid" displayName="Owner" parentSchemaName="incident" parentDisplayName="Case" solution="msdynce_Service (9.0.5.56)" />
        <Dependent type="60" displayName="Case for Interactive experience" parentDisplayName="Case" id="{915f6055-2e07-4276-ae08-2b96c8d02c57}" />
      </MissingDependency>
      <MissingDependency>
        <Required type="2" schemaName="parentcaseid" displayName="Parent Case" parentSchemaName="incident" parentDisplayName="Case" solution="msdynce_Service (9.0.5.56)" />
        <Dependent type="60" displayName="Case for Interactive experience" parentDisplayName="Case" id="{915f6055-2e07-4276-ae08-2b96c8d02c57}" />
      </MissingDependency>
      <MissingDependency>
        <Required type="2" schemaName="primarycontactid" displayName="Contact" parentSchemaName="incident" parentDisplayName="Case" solution="msdynce_Service (9.0.5.56)" />
        <Dependent type="60" displayName="Case for Interactive experience" parentDisplayName="Case" id="{915f6055-2e07-4276-ae08-2b96c8d02c57}" />
      </MissingDependency>
      <MissingDependency>
        <Required type="2" schemaName="prioritycode" displayName="Priority" parentSchemaName="incident" parentDisplayName="Case" solution="msdynce_Service (9.0.5.56)" />
        <Dependent type="60" displayName="Case for Interactive experience" parentDisplayName="Case" id="{915f6055-2e07-4276-ae08-2b96c8d02c57}" />
      </MissingDependency>
      <MissingDependency>
        <Required type="2" schemaName="productid" displayName="Product" parentSchemaName="incident" parentDisplayName="Case" solution="msdynce_Service (9.0.5.56)" />
        <Dependent type="60" displayName="Case for Interactive experience" parentDisplayName="Case" id="{915f6055-2e07-4276-ae08-2b96c8d02c57}" />
      </MissingDependency>
      <MissingDependency>
        <Required type="2" schemaName="resolveby" displayName="Resolve By" parentSchemaName="incident" parentDisplayName="Case" solution="msdynce_Service (9.0.5.56)" />
        <Dependent type="60" displayName="Case for Interactive experience" parentDisplayName="Case" id="{915f6055-2e07-4276-ae08-2b96c8d02c57}" />
      </MissingDependency>
      <MissingDependency>
        <Required type="2" schemaName="resolvebykpiid" displayName="Resolve By KPI" parentSchemaName="incident" parentDisplayName="Case" solution="msdynce_Service (9.0.5.56)" />
        <Dependent type="60" displayName="Case for Interactive experience" parentDisplayName="Case" id="{915f6055-2e07-4276-ae08-2b96c8d02c57}" />
      </MissingDependency>
      <MissingDependency>
        <Required type="2" schemaName="responseby" displayName="First Response By" parentSchemaName="incident" parentDisplayName="Case" solution="msdynce_Service (9.0.5.56)" />
        <Dependent type="60" displayName="Case for Interactive experience" parentDisplayName="Case" id="{915f6055-2e07-4276-ae08-2b96c8d02c57}" />
      </MissingDependency>
      <MissingDependency>
        <Required type="2" schemaName="sentimentvalue" displayName="Sentiment Value" parentSchemaName="incident" parentDisplayName="Case" solution="msdynce_Service (9.0.5.56)" />
        <Dependent type="60" displayName="Case for Interactive experience" parentDisplayName="Case" id="{915f6055-2e07-4276-ae08-2b96c8d02c57}" />
      </MissingDependency>
      <MissingDependency>
        <Required type="2" schemaName="socialprofileid" displayName="Social Profile" parentSchemaName="incident" parentDisplayName="Case" solution="msdynce_Service (9.0.5.56)" />
        <Dependent type="60" displayName="Case for Interactive experience" parentDisplayName="Case" id="{915f6055-2e07-4276-ae08-2b96c8d02c57}" />
      </MissingDependency>
      <MissingDependency>
        <Required type="2" schemaName="statuscode" displayName="Status Reason" parentSchemaName="incident" parentDisplayName="Case" solution="msdynce_Service (9.0.5.56)" />
        <Dependent type="60" displayName="Case for Interactive experience" parentDisplayName="Case" id="{915f6055-2e07-4276-ae08-2b96c8d02c57}" />
      </MissingDependency>
      <MissingDependency>
        <Required type="2" schemaName="subjectid" displayName="Subject" parentSchemaName="incident" parentDisplayName="Case" solution="msdynce_Service (9.0.5.56)" />
        <Dependent type="60" displayName="Case for Interactive experience" parentDisplayName="Case" id="{915f6055-2e07-4276-ae08-2b96c8d02c57}" />
      </MissingDependency>
      <MissingDependency>
        <Required type="2" schemaName="ticketnumber" displayName="Case Number" parentSchemaName="incident" parentDisplayName="Case" solution="msdynce_Service (9.0.5.56)" />
        <Dependent type="60" displayName="Case for Interactive experience" parentDisplayName="Case" id="{915f6055-2e07-4276-ae08-2b96c8d02c57}" />
      </MissingDependency>
      <MissingDependency>
        <Required type="2" schemaName="title" displayName="Case Title" parentSchemaName="incident" parentDisplayName="Case" solution="msdynce_Service (9.0.5.56)" />
        <Dependent type="10" schemaName="lgrr_lgrr_followup_Case_incident" displayName="lgrr_lgrr_followup_Case_incident" parentSchemaName="incident" parentDisplayName="Case" />
      </MissingDependency>
      <MissingDependency>
        <Required type="2" schemaName="title" displayName="Case Title" parentSchemaName="incident" parentDisplayName="Case" solution="msdynce_Service (9.0.5.56)" />
        <Dependent type="60" displayName="Case for Interactive experience" parentDisplayName="Case" id="{915f6055-2e07-4276-ae08-2b96c8d02c57}" />
      </MissingDependency>
      <MissingDependency>
        <Required type="2" schemaName="traversedpath" displayName="(Deprecated) Traversed Path" parentSchemaName="incident" parentDisplayName="Case" solution="msdynce_Service (9.0.5.56)" />
        <Dependent type="60" displayName="Case for Interactive experience" parentDisplayName="Case" id="{915f6055-2e07-4276-ae08-2b96c8d02c57}" />
      </MissingDependency>
      <MissingDependency>
        <Required type="26" schemaName="Customer Asset associated view with alerts" displayName="Customer Asset associated view with alerts" parentSchemaName="msdyn_customerasset" parentDisplayName="Customer Asset" solution="msdyn_ConnectedCustomerService (9.0.20115.1027)" id="{38cc036f-fbfe-e911-a81c-000d3ac2c6cb}" />
        <Dependent type="60" displayName="Case for Interactive experience" parentDisplayName="Case" id="{915f6055-2e07-4276-ae08-2b96c8d02c57}" />
      </MissingDependency>
      <MissingDependency>
        <Required type="26" schemaName="Associated Knowledge Records View" displayName="Associated Knowledge Records View" parentSchemaName="knowledgearticleincident" parentDisplayName="Knowledge Article Incident" solution="msdynce_Service (9.0.5.56)" id="{4ce7d553-9bba-4d8f-b209-899af9d3937c}" />
        <Dependent type="60" displayName="Case for Interactive experience" parentDisplayName="Case" id="{915f6055-2e07-4276-ae08-2b96c8d02c57}" />
      </MissingDependency>
      <MissingDependency>
        <Required type="26" schemaName="Active Products Lookup View" displayName="Active Products Lookup View" parentSchemaName="product" parentDisplayName="Product" solution="msdynce_ProductManagement (9.0.4.0066)" id="{58afc3c5-8add-4552-98cb-473bc8f75619}" />
        <Dependent type="60" displayName="Case for Interactive experience" parentDisplayName="Case" id="{915f6055-2e07-4276-ae08-2b96c8d02c57}" />
      </MissingDependency>
      <MissingDependency>
        <Required type="26" schemaName="Associated Cases For Interaction Centric Form" displayName="Associated Cases For Interaction Centric Form" parentSchemaName="incident" parentDisplayName="Case" solution="msdynce_Service (9.0.5.56)" id="{65ab1a2c-1cd9-4fbe-8fd3-d52142d6b3fd}" />
        <Dependent type="60" displayName="Case for Interactive experience" parentDisplayName="Case" id="{915f6055-2e07-4276-ae08-2b96c8d02c57}" />
      </MissingDependency>
      <MissingDependency>
        <Required type="26" schemaName="Primary alerts" displayName="Primary alerts" parentSchemaName="msdyn_iotalert" parentDisplayName="IoT Alert" solution="msdyn_ConnectedCustomerService (9.0.20115.1027)" id="{8aa1e7c2-1514-ea11-a81f-000d3ac3e048}" />
        <Dependent type="60" displayName="Case for Interactive experience" parentDisplayName="Case" id="{915f6055-2e07-4276-ae08-2b96c8d02c57}" />
      </MissingDependency>
      <MissingDependency>
        <Required type="26" schemaName="Primary alerts" displayName="Primary alerts" parentSchemaName="msdyn_iotalert" parentDisplayName="IoT Alert" solution="IoTConnector (1.8.9.7)" id="{b96d141d-a429-e611-8107-00155db9cd0a}" />
        <Dependent type="60" displayName="Case for Interactive experience" parentDisplayName="Case" id="{915f6055-2e07-4276-ae08-2b96c8d02c57}" />
      </MissingDependency>
      <MissingDependency>
        <Required type="26" schemaName="Similar Resolved Cases for Interaction Centric" displayName="Similar Resolved Cases for Interaction Centric" parentSchemaName="incident" parentDisplayName="Case" solution="msdynce_Service (9.0.5.56)" id="{bd15c679-df0b-e611-80d2-00155db1076f}" />
        <Dependent type="60" displayName="Case for Interactive experience" parentDisplayName="Case" id="{915f6055-2e07-4276-ae08-2b96c8d02c57}" />
      </MissingDependency>
      <MissingDependency>
        <Required type="26" schemaName="Valid Entitlements for Cases" displayName="Valid Entitlements for Cases" parentSchemaName="entitlement" parentDisplayName="Entitlement" solution="msdynce_Service (9.0.5.56)" id="{e7ea283b-0490-4956-939b-3325e0798fb8}" />
        <Dependent type="60" displayName="Case for Interactive experience" parentDisplayName="Case" id="{915f6055-2e07-4276-ae08-2b96c8d02c57}" />
      </MissingDependency>
      <MissingDependency>
        <Required type="26" schemaName="Swarm associated view" displayName="Swarm associated view" parentSchemaName="msdyn_swarm" parentDisplayName="Swarm" solution="msdyn_Swarming (9.0.23081.1010)" id="{f4a46971-a1b8-4ec3-9f9e-30740bc8c8e2}" />
        <Dependent type="60" displayName="Case for Interactive experience" parentDisplayName="Case" id="{915f6055-2e07-4276-ae08-2b96c8d02c57}" />
      </MissingDependency>
      <MissingDependency>
        <Required type="60" displayName="Resolve By SLA" parentDisplayName="SLA KPI Instance" solution="msdynce_ServiceLevelAgreement (9.0.23081.1009)" id="{19b14c51-3d43-4d56-ab34-49c540bf468c}" />
        <Dependent type="60" displayName="Case for Interactive experience" parentDisplayName="Case" id="{915f6055-2e07-4276-ae08-2b96c8d02c57}" />
      </MissingDependency>
      <MissingDependency>
        <Required type="60" displayName="Recent Cases and Entitlements" parentDisplayName="Account" solution="msdynce_Service (9.0.5.56)" id="{43300723-f867-420b-ab28-976a4d12e6c4}" />
        <Dependent type="60" displayName="Case for Interactive experience" parentDisplayName="Case" id="{915f6055-2e07-4276-ae08-2b96c8d02c57}" />
      </MissingDependency>
      <MissingDependency>
        <Required type="60" displayName="contact card" parentDisplayName="Contact" solution="msdynce_AppCommon (9.0.4.0066)" id="{707fc57b-c5e6-471b-a180-e37ed28a38e2}" />
        <Dependent type="60" displayName="Case for Interactive experience" parentDisplayName="Case" id="{915f6055-2e07-4276-ae08-2b96c8d02c57}" />
      </MissingDependency>
      <MissingDependency>
        <Required type="60" displayName="Case for Interactive experience" parentDisplayName="Case" solution="msdynce_Service (9.0.5.56)" id="{915f6055-2e07-4276-ae08-2b96c8d02c57}" />
        <Dependent type="60" displayName="Case for Interactive experience" parentDisplayName="Case" id="{915f6055-2e07-4276-ae08-2b96c8d02c57}" />
      </MissingDependency>
      <MissingDependency>
        <Required type="60" displayName="account card" parentDisplayName="Account" solution="msdynce_AppCommon (9.0.4.0066)" id="{b028db32-3619-48a5-ac51-cf3f947b0ef3}" />
        <Dependent type="60" displayName="Case for Interactive experience" parentDisplayName="Case" id="{915f6055-2e07-4276-ae08-2b96c8d02c57}" />
      </MissingDependency>
      <MissingDependency>
        <Required type="60" displayName="First Response SLA" parentDisplayName="SLA KPI Instance" solution="msdynce_ServiceLevelAgreement (9.0.23081.1009)" id="{ede9dac3-e143-4be4-acc8-237309e31210}" />
        <Dependent type="60" displayName="Case for Interactive experience" parentDisplayName="Case" id="{915f6055-2e07-4276-ae08-2b96c8d02c57}" />
      </MissingDependency>
      <MissingDependency>
        <Required type="60" displayName="Recent Cases and Entitlements" parentDisplayName="Contact" solution="msdynce_AppCommon (9.0.4.0066)" id="{f3b707fb-3b5f-45f9-9c6b-5e573bb5d19e}" />
        <Dependent type="60" displayName="Case for Interactive experience" parentDisplayName="Case" id="{915f6055-2e07-4276-ae08-2b96c8d02c57}" />
      </MissingDependency>
      <MissingDependency>
        <Required type="61" schemaName="msdyn_/ConnectedCustomerService/Case/CaseForm.js" displayName="msdyn_/ConnectedCustomerService/Case/CaseForm.js" solution="msdyn_ConnectedCustomerService (9.0.20115.1027)" />
        <Dependent type="60" displayName="Case for Interactive experience" parentDisplayName="Case" id="{915f6055-2e07-4276-ae08-2b96c8d02c57}" />
      </MissingDependency>
      <MissingDependency>
        <Required type="61" schemaName="msdyn_/ConnectedCustomerService/Utils/RibbonUtils.js" displayName="msdyn_/ConnectedCustomerService/Utils/RibbonUtils.js" solution="msdyn_ConnectedCustomerService (9.0.20115.1027)" />
        <Dependent type="60" displayName="Case for Interactive experience" parentDisplayName="Case" id="{915f6055-2e07-4276-ae08-2b96c8d02c57}" />
      </MissingDependency>
      <MissingDependency>
        <Required type="61" schemaName="msdyn_CopilotCaseSummaryLibrary.js" displayName="msdyn_CopilotCaseSummaryLibrary.js" solution="msdyn_CSIntelligence (9.0.23081.1009)" />
        <Dependent type="60" displayName="Case for Interactive experience" parentDisplayName="Case" id="{915f6055-2e07-4276-ae08-2b96c8d02c57}" />
      </MissingDependency>
      <MissingDependency>
        <Required type="61" schemaName="Swarming/msdyn_Swarming.js" displayName="Swarming/msdyn_Swarming.js" solution="msdyn_Swarming (9.0.23081.1010)" />
        <Dependent type="60" displayName="Case for Interactive experience" parentDisplayName="Case" id="{915f6055-2e07-4276-ae08-2b96c8d02c57}" />
      </MissingDependency>
      <MissingDependency>
        <Required type="61" schemaName="SwarmingForCS/msdyn_SwarmingForCS.js" displayName="SwarmingForCS/msdyn_SwarmingForCS.js" solution="msdyn_SwarmingForCS (9.0.23081.1010)" />
        <Dependent type="60" displayName="Case for Interactive experience" parentDisplayName="Case" id="{915f6055-2e07-4276-ae08-2b96c8d02c57}" />
      </MissingDependency>
      <MissingDependency>
        <Required type="66" schemaName="MscrmControls.Containers.SimilarCasesGridControl" displayName="MscrmControls.Containers.SimilarCasesGridControl" solution="msdynce_Service (9.0.5.56)" />
        <Dependent type="60" displayName="Case for Interactive experience" parentDisplayName="Case" id="{915f6055-2e07-4276-ae08-2b96c8d02c57}" />
      </MissingDependency>
      <MissingDependency>
        <Required type="66" schemaName="MscrmControls.CSIntelligence.CopilotCaseSummaryControl" displayName="MscrmControls.CSIntelligence.CopilotCaseSummaryControl" solution="msdyn_CSIntelligence (9.0.23081.1009)" />
        <Dependent type="60" displayName="Case for Interactive experience" parentDisplayName="Case" id="{915f6055-2e07-4276-ae08-2b96c8d02c57}" />
      </MissingDependency>
      <MissingDependency>
        <Required type="66" schemaName="MscrmControls.CustomerService.SelectionTreeViewControl" displayName="MscrmControls.CustomerService.SelectionTreeViewControl" solution="msdynce_ServiceManagementControlsExtension (9.1.23073.43)" />
        <Dependent type="60" displayName="Case for Interactive experience" parentDisplayName="Case" id="{915f6055-2e07-4276-ae08-2b96c8d02c57}" />
      </MissingDependency>
      <MissingDependency>
        <Required type="66" schemaName="MscrmControls.DeviceInsights.DeviceInsightsControl" displayName="MscrmControls.DeviceInsights.DeviceInsightsControl" solution="IoTConnector (1.8.9.7)" />
        <Dependent type="60" displayName="Case for Interactive experience" parentDisplayName="Case" id="{915f6055-2e07-4276-ae08-2b96c8d02c57}" />
      </MissingDependency>
    </MissingDependencies>
  </SolutionManifest>
</ImportExportXml>